date,count,count2,count3
10/25/03,26,26,2
10/26/03,17,15,5
10/27/03,18,25,1
10/28/03,10,11,16
10/29/03,8,3,25
10/30/03,18,6,14
10/31/03,6,12,17
11/01/03,7,16,14
11/02/03,1,8,9
11/03/03,3,20,29
11/04/03,19,8,30
11/05/03,1,12,7
11/06/03,25,25,10
11/07/03,23,11,7
11/08/03,8,13,23
11/09/03,19,10,30
11/10/03,13,18,16
11/11/03,19,29,22
11/12/03,18,11,15
11/13/03,10,3,3
11/14/03,29,15,30
11/15/03,20,17,12
11/16/03,27,10,26
11/17/03,2,17,2
11/18/03,18,6,10
11/19/03,3,14,4
11/20/03,14,14,18
11/21/03,3,2,4
11/22/03,26,6,24
11/23/03,10,24,6
11/24/03,30,16,3
11/25/03,24,29,17
11/26/03,23,20,8
11/27/03,20,21,8
11/28/03,6,10,18
11/29/03,24,2,11
11/30/03,18,4,9
12/01/03,22,13,22
12/02/03,12,30,19
12/03/03,11,18,26
12/04/03,7,26,15
12/05/03,21,29,26
12/06/03,25,30,23
12/07/03,18,26,22
12/08/03,9,23,7
12/09/03,22,18,22
12/10/03,14,19,11
12/11/03,26,1,11
12/12/03,22,11,27
12/13/03,14,4,24
12/14/03,5,14,8
12/15/03,17,2,24
12/16/03,6,22,28
12/17/03,18,14,4
12/18/03,26,1,24
12/19/03,21,7,5
12/20/03,20,16,8
12/21/03,20,8,18
12/22/03,27,28,20
12/23/03,18,7,2
12/24/03,29,12,1
12/25/03,21,8,10
12/26/03,12,11,3
12/27/03,4,17,2
12/28/03,2,9,7
12/29/03,13,3,8
12/30/03,22,29,21
12/31/03,29,26,5
01/01/04,28,8,9
01/02/04,5,8,29
01/03/04,1,16,16
01/04/04,1,3,12
01/05/04,19,13,25
01/06/04,19,9,6
01/07/04,26,16,9
01/08/04,22,15,4
01/09/04,28,25,8
01/10/04,20,3,9
01/11/04,22,10,14
01/12/04,9,4,25
01/13/04,9,8,19
01/14/04,10,13,12
01/15/04,7,15,17
01/16/04,15,16,10
01/17/04,3,22,8
01/18/04,7,29,25
01/19/04,13,1,18
01/20/04,22,28,24
01/21/04,2,12,23
01/22/04,2,2,27
01/23/04,1,28,26
01/24/04,6,10,6
01/25/04,17,4,19
01/26/04,12,3,19
01/27/04,15,28,11
01/28/04,26,9,7
01/29/04,12,18,15
01/30/04,12,29,12
01/31/04,7,6,11
02/01/04,5,17,21
02/02/04,8,20,23
02/03/04,17,17,16
02/04/04,30,25,27
02/05/04,14,15,22
02/06/04,28,8,12
02/07/04,5,22,15
02/08/04,9,25,2
02/09/04,11,2,5
02/10/04,25,5,27
02/11/04,28,3,30
02/12/04,21,29,19
02/13/04,30,22,7
02/14/04,11,25,26
02/15/04,1,28,25
02/16/04,1,26,13
02/17/04,20,19,19
02/18/04,12,20,17
02/19/04,30,4,1
02/20/04,28,14,1
02/21/04,6,10,21
02/22/04,12,2,19
02/23/04,28,24,23
02/24/04,3,15,21
02/25/04,30,6,28
02/26/04,26,3,21
02/27/04,7,24,24
02/28/04,17,20,21
02/29/04,25,5,27
03/01/04,16,9,30
03/02/04,27,1,13
03/03/04,3,15,19
03/04/04,8,6,29
03/05/04,22,29,26
03/06/04,24,27,12
03/07/04,5,11,28
03/08/04,16,14,3
03/09/04,16,15,25
03/10/04,14,29,9
03/11/04,6,26,14
03/12/04,1,15,21
03/13/04,14,5,21
03/14/04,4,6,4
03/15/04,4,24,13
03/16/04,2,28,17
03/17/04,14,4,14
03/18/04,8,24,10
03/19/04,29,30,9
03/20/04,11,11,8
03/21/04,16,8,20
03/22/04,13,25,22
03/23/04,27,29,30
03/24/04,23,9,3
03/25/04,15,20,14
03/26/04,14,9,22
03/27/04,6,11,18
03/28/04,16,28,1
03/29/04,10,1,5
03/30/04,30,21,20
03/31/04,2,12,21
04/01/04,14,13,15
04/02/04,30,30,20
04/03/04,15,9,10
04/04/04,3,30,23
04/05/04,7,14,16
04/06/04,3,24,6
04/07/04,14,14,7
04/08/04,22,10,21
04/09/04,19,16,22
04/10/04,11,12,28
04/11/04,11,13,11
04/12/04,4,25,3
04/13/04,3,29,2
04/14/04,9,13,1
04/15/04,23,5,10
04/16/04,17,1,4
04/17/04,25,13,8
04/18/04,21,9,11
04/19/04,2,5,1
04/20/04,26,15,6
04/21/04,27,1,4
04/22/04,7,3,24
04/23/04,23,9,5
04/24/04,26,28,28
04/25/04,7,15,11
04/26/04,11,20,12
04/27/04,9,16,13
04/28/04,13,17,9
04/29/04,8,29,14
04/30/04,27,23,25
05/01/04,13,25,5
05/02/04,30,24,18
05/03/04,3,7,8
05/04/04,7,16,21
05/05/04,23,16,11
05/06/04,10,22,22
05/07/04,13,21,27
05/08/04,27,22,13
05/09/04,14,30,7
05/10/04,3,5,6
05/11/04,29,21,25
05/12/04,10,3,30
05/13/04,24,15,14
05/14/04,2,19,18
05/15/04,27,5,29
05/16/04,7,17,13
05/17/04,6,14,29
05/18/04,26,28,18
05/19/04,27,23,17
05/20/04,9,3,18
05/21/04,11,12,24
05/22/04,3,26,20
05/23/04,7,18,17
05/24/04,5,17,28
05/25/04,18,15,1
05/26/04,12,25,29
05/27/04,19,4,9
05/28/04,18,20,21
05/29/04,2,21,25
05/30/04,9,16,16
05/31/04,6,25,30
06/01/04,18,11,24
06/02/04,3,1,18
06/03/04,29,19,7
06/04/04,24,13,29
06/05/04,16,25,12
06/06/04,15,1,26
06/07/04,14,4,9
06/08/04,7,4,5
06/09/04,18,17,25
06/10/04,21,6,11
06/11/04,29,3,30
06/12/04,16,7,30
06/13/04,28,4,24
06/14/04,29,14,7
06/15/04,16,4,12
06/16/04,11,12,3
06/17/04,25,3,22
06/18/04,16,25,2
06/19/04,6,13,28
06/20/04,8,23,11
06/21/04,15,24,24
06/22/04,1,20,3
06/23/04,22,30,25
06/24/04,25,22,16
06/25/04,11,8,4
06/26/04,1,1,9
06/27/04,14,18,16
06/28/04,30,21,30
06/29/04,22,6,6
06/30/04,1,18,21
07/01/04,17,8,23
07/02/04,9,13,19
07/03/04,21,28,30
07/04/04,21,8,29
07/05/04,6,10,7
07/06/04,23,16,11
07/07/04,9,19,16
07/08/04,14,12,27
07/09/04,1,9,14
07/10/04,18,29,24
07/11/04,20,13,13
07/12/04,5,29,20
07/13/04,13,6,10
07/14/04,25,5,24
07/15/04,12,15,10
07/16/04,1,28,6
07/17/04,7,24,22
07/18/04,29,17,19
07/19/04,28,23,12
07/20/04,26,4,30
07/21/04,7,24,28
07/22/04,14,11,4
07/23/04,9,11,5
07/24/04,19,24,4
07/25/04,5,16,29
07/26/04,23,21,10
07/27/04,29,28,11
07/28/04,24,12,26
07/29/04,30,19,22
07/30/04,4,11,23
07/31/04,12,26,19
08/01/04,25,21,7
08/02/04,6,19,23
08/03/04,15,19,4
08/04/04,28,23,6
08/05/04,14,26,23
08/06/04,19,30,23
08/07/04,7,12,22
08/08/04,25,28,27
08/09/04,2,26,10
08/10/04,28,25,22
08/11/04,15,6,11
08/12/04,7,13,25
08/13/04,10,19,20
08/14/04,8,6,1
08/15/04,16,6,1
08/16/04,11,7,19
08/17/04,27,13,9
08/18/04,25,17,16
08/19/04,12,1,2
08/20/04,12,14,14
08/21/04,11,15,26
08/22/04,17,4,13
08/23/04,18,17,20
08/24/04,19,20,15
08/25/04,3,30,4
08/26/04,25,9,29
08/27/04,22,2,8
08/28/04,25,30,3
08/29/04,17,30,15
08/30/04,19,27,5
08/31/04,16,16,24
09/01/04,13,15,4
09/02/04,5,27,6
09/03/04,20,20,11
09/04/04,30,10,22
09/05/04,12,11,5
09/06/04,27,17,14
09/07/04,2,13,17
09/08/04,7,5,30
09/09/04,27,7,1
09/10/04,12,23,1
09/11/04,12,14,15
09/12/04,25,1,7
09/13/04,2,25,11
09/14/04,4,24,9
09/15/04,2,1,25
09/16/04,30,20,18
09/17/04,18,8,17
09/18/04,14,7,29
09/19/04,7,16,6
09/20/04,26,21,24
09/21/04,30,18,29
09/22/04,9,1,12
09/23/04,16,21,18
09/24/04,11,28,5
09/25/04,23,18,16
09/26/04,25,1,12
09/27/04,22,8,17
09/28/04,22,22,12
09/29/04,30,3,15
09/30/04,24,8,6
10/01/04,28,7,10
10/02/04,11,30,25
10/03/04,28,5,25
10/04/04,13,28,8
10/05/04,4,7,14
10/06/04,13,22,5
10/07/04,19,7,11
10/08/04,13,21,10
10/09/04,6,22,13
10/10/04,9,13,19
10/11/04,25,30,27
10/12/04,26,17,14
10/13/04,20,4,2
10/14/04,2,1,10
10/15/04,23,6,29
10/16/04,24,15,3
10/17/04,1,6,22
10/18/04,27,24,12
10/19/04,5,11,6
10/20/04,13,21,5
10/21/04,11,18,28
10/22/04,22,11,12
10/23/04,16,29,4
10/24/04,14,25,11
10/25/04,18,27,14
10/26/04,17,16,24
10/27/04,16,1,7
10/28/04,28,10,29
10/29/04,8,20,22
10/30/04,20,4,19
10/31/04,8,21,10
11/01/04,17,16,19
11/02/04,26,21,23
11/03/04,11,16,13
11/04/04,13,27,20
11/05/04,22,16,7
11/06/04,20,1,18
11/07/04,15,28,10
11/08/04,3,14,29
11/09/04,24,10,20
11/10/04,11,19,4
11/11/04,4,2,11
11/12/04,7,3,26
11/13/04,18,17,17
11/14/04,18,1,17
11/15/04,7,3,9
11/16/04,24,2,16
11/17/04,28,11,21
11/18/04,12,12,20
11/19/04,26,16,8
11/20/04,6,20,8
11/21/04,19,21,4
11/22/04,18,19,27
11/23/04,7,21,13
11/24/04,20,8,19
11/25/04,20,28,19
11/26/04,23,23,28
11/27/04,14,8,23
11/28/04,8,23,13
11/29/04,16,14,5
11/30/04,3,1,11
12/01/04,3,30,2
12/02/04,30,12,18
12/03/04,13,2,23
12/04/04,17,6,4
12/05/04,28,28,8
12/06/04,14,11,7
12/07/04,12,28,27
12/08/04,5,7,12
12/09/04,30,19,26
12/10/04,18,11,27
12/11/04,16,30,11
12/12/04,22,3,27
12/13/04,9,13,5
12/14/04,11,26,25
12/15/04,3,16,17
12/16/04,8,23,27
12/17/04,4,28,2
12/18/04,16,2,30
12/19/04,29,14,12
12/20/04,8,26,9
12/21/04,15,22,11
12/22/04,27,19,25
12/23/04,4,10,12
12/24/04,28,17,6
12/25/04,4,27,14
12/26/04,22,26,2
12/27/04,19,7,22
12/28/04,20,7,6
12/29/04,13,22,14
12/30/04,8,26,6
12/31/04,22,14,1
01/01/05,9,1,5
01/02/05,25,17,12
01/03/05,29,18,29
01/04/05,14,6,9
01/05/05,7,22,18
01/06/05,16,11,30
01/07/05,24,8,9
01/08/05,4,15,7
01/09/05,7,7,16
01/10/05,20,25,12
01/11/05,20,30,24
01/12/05,15,26,18
01/13/05,15,5,17
01/14/05,8,20,9
01/15/05,12,14,7
01/16/05,18,29,11
01/17/05,17,21,25
01/18/05,8,13,17
01/19/05,21,16,21
01/20/05,13,12,1
01/21/05,10,1,3
01/22/05,21,19,17
01/23/05,25,13,27
01/24/05,21,22,10
01/25/05,23,27,28
01/26/05,6,9,13
01/27/05,2,11,14
01/28/05,21,3,18
01/29/05,1,14,24
01/30/05,14,29,18
01/31/05,23,21,22
02/01/05,28,17,23
02/02/05,17,27,5
02/03/05,8,9,4
02/04/05,17,17,12
02/05/05,8,12,11
02/06/05,3,5,8
02/07/05,15,8,27
02/08/05,22,27,30
02/09/05,11,17,19
02/10/05,25,23,17
02/11/05,25,28,1
02/12/05,13,1,20
02/13/05,2,23,30
02/14/05,9,28,9
02/15/05,18,27,30
02/16/05,10,30,6
02/17/05,17,22,18
02/18/05,28,22,30
02/19/05,4,13,16
02/20/05,26,25,6
02/21/05,16,12,13
02/22/05,11,26,21
02/23/05,12,1,24
02/24/05,24,8,24
02/25/05,19,12,3
02/26/05,15,22,19
02/27/05,19,5,14
02/28/05,21,5,13
03/01/05,4,19,18
03/02/05,4,21,8
03/03/05,14,4,3
03/04/05,28,5,13
03/05/05,24,28,5
03/06/05,24,27,21
03/07/05,11,19,14
03/08/05,7,13,21
03/09/05,22,19,26
03/10/05,9,3,19
03/11/05,24,21,16
03/12/05,5,26,6
03/13/05,18,2,29
03/14/05,12,11,29
03/15/05,19,22,2
03/16/05,8,3,22
03/17/05,23,1,24
03/18/05,18,14,8
03/19/05,14,5,15
03/20/05,24,18,4
03/21/05,28,1,11
03/22/05,7,4,21
03/23/05,4,27,4
03/24/05,30,11,29
03/25/05,6,5,7
03/26/05,17,12,19
03/27/05,9,22,30
03/28/05,23,4,21
03/29/05,12,9,22
03/30/05,3,20,1
03/31/05,7,19,5
04/01/05,22,9,6
04/02/05,27,23,3
04/03/05,4,1,26
04/04/05,24,23,18
04/05/05,30,15,15
04/06/05,18,29,7
04/07/05,18,1,16
04/08/05,2,25,28
04/09/05,29,24,3
04/10/05,3,6,8
04/11/05,6,30,7
04/12/05,17,25,13
04/13/05,25,27,30
04/14/05,5,5,16
04/15/05,29,28,14
04/16/05,2,5,12
04/17/05,28,14,14
04/18/05,9,14,20
04/19/05,8,28,3
04/20/05,10,5,18
04/21/05,23,29,17
04/22/05,21,28,10
04/23/05,3,2,2
04/24/05,21,24,15
04/25/05,19,19,2
04/26/05,24,12,13
04/27/05,12,4,23
04/28/05,10,17,28
04/29/05,22,16,14
04/30/05,27,3,23
05/01/05,29,7,28
05/02/05,25,2,26
05/03/05,15,17,30
05/04/05,19,7,23
05/05/05,1,18,9
05/06/05,14,21,5
05/07/05,18,16,25
05/08/05,7,14,15
05/09/05,14,1,14
05/10/05,1,3,15
05/11/05,13,17,3
05/12/05,1,11,27
05/13/05,14,29,11
05/14/05,13,15,15
05/15/05,30,18,7
05/16/05,23,21,24
05/17/05,22,29,19
05/18/05,29,22,3
05/19/05,3,12,29
05/20/05,18,21,30
05/21/05,5,6,19
05/22/05,1,23,25
05/23/05,20,3,14
05/24/05,5,6,22
05/25/05,22,22,9
05/26/05,8,14,9
05/27/05,14,27,21
05/28/05,20,3,3
05/29/05,26,18,7
05/30/05,7,17,14
05/31/05,19,27,15
06/01/05,4,2,9
06/02/05,7,10,16
06/03/05,8,22,10
06/04/05,20,4,13
06/05/05,17,5,18
06/06/05,27,14,3
06/07/05,23,26,7
06/08/05,11,21,11
06/09/05,5,27,12
06/10/05,18,12,21
06/11/05,19,23,10
06/12/05,9,5,18
06/13/05,1,30,17
06/14/05,24,21,2
06/15/05,7,20,25
06/16/05,21,30,19
06/17/05,25,15,9
06/18/05,11,5,23
06/19/05,23,9,16
06/20/05,28,18,18
06/21/05,18,16,19
06/22/05,16,25,12
06/23/05,4,5,4
06/24/05,18,27,1
06/25/05,18,23,24
06/26/05,22,27,3
06/27/05,14,16,18
06/28/05,19,10,16
06/29/05,13,24,9
06/30/05,9,17,26
07/01/05,9,9,15
07/02/05,14,6,16
07/03/05,3,1,16
07/04/05,23,29,1
07/05/05,24,27,29
07/06/05,27,22,25
07/07/05,23,1,27
07/08/05,5,9,1
07/09/05,26,3,22
07/10/05,14,22,21
07/11/05,16,26,10
07/12/05,24,17,28
07/13/05,16,29,2
07/14/05,1,26,27
07/15/05,2,13,21
07/16/05,21,4,30
07/17/05,8,9,26
07/18/05,13,28,27
07/19/05,12,6,2
07/20/05,27,22,21
07/21/05,12,9,19
07/22/05,29,16,22
07/23/05,1,19,6
07/24/05,15,30,9
07/25/05,10,18,24
07/26/05,25,8,2
07/27/05,18,26,4
07/28/05,3,29,12
07/29/05,16,9,8
07/30/05,6,22,7
07/31/05,8,12,6
08/01/05,20,12,6
08/02/05,17,24,4
08/03/05,8,25,21
08/04/05,13,6,7
08/05/05,27,21,19
08/06/05,8,8,7
08/07/05,18,19,2
08/08/05,18,6,15
08/09/05,13,17,21
08/10/05,12,21,13
08/11/05,23,5,7
08/12/05,30,2,3
08/13/05,20,15,25
08/14/05,12,25,2
08/15/05,8,17,12
08/16/05,14,29,13
08/17/05,17,16,6
08/18/05,22,14,12
08/19/05,22,26,9
08/20/05,24,7,19
08/21/05,12,9,19
08/22/05,11,21,3
08/23/05,5,14,1
08/24/05,27,24,12
08/25/05,1,2,24
08/26/05,30,20,14
08/27/05,21,9,19
08/28/05,29,13,9
08/29/05,1,13,10
08/30/05,26,24,2
08/31/05,26,16,6
09/01/05,15,19,19
09/02/05,23,4,1
09/03/05,14,24,1
09/04/05,23,23,12
09/05/05,13,26,26
09/06/05,9,2,14
09/07/05,22,17,3
09/08/05,29,15,29
09/09/05,28,13,5
09/10/05,9,16,28
09/11/05,18,13,24
09/12/05,25,30,14
09/13/05,23,21,5
09/14/05,1,8,22
09/15/05,8,29,26
09/16/05,17,11,6
09/17/05,17,8,22
09/18/05,14,23,17
09/19/05,24,12,21
09/20/05,29,30,28
09/21/05,1,8,30
09/22/05,7,16,19
09/23/05,24,21,11
09/24/05,9,20,14
09/25/05,30,7,28
09/26/05,25,2,10
09/27/05,7,27,22
09/28/05,29,25,24
09/29/05,23,20,5
09/30/05,3,20,30
10/01/05,10,5,4
10/02/05,10,14,15
10/03/05,21,17,15
10/04/05,21,25,17
10/05/05,15,24,11
10/06/05,2,11,13
10/07/05,29,1,16
10/08/05,2,23,4
10/09/05,17,20,19
10/10/05,7,5,2
10/11/05,5,8,8
10/12/05,18,6,30
10/13/05,8,9,10
10/14/05,7,22,5
10/15/05,15,7,20
10/16/05,11,19,25
10/17/05,13,10,23
10/18/05,14,29,8
10/19/05,12,15,11
10/20/05,1,27,26
10/21/05,1,27,21
10/22/05,21,14,30
10/23/05,8,11,24
10/24/05,23,4,30
10/25/05,9,26,11
10/26/05,21,4,18
10/27/05,19,15,26
10/28/05,26,6,8
10/29/05,23,29,2
10/30/05,15,8,15
10/31/05,8,17,1
11/01/05,7,7,22
11/02/05,13,15,21
11/03/05,8,23,18
11/04/05,8,8,21
11/05/05,6,20,24
11/06/05,22,27,21
11/07/05,18,21,8
11/08/05,20,22,29
11/09/05,28,29,26
11/10/05,4,15,19
11/11/05,13,18,23
11/12/05,3,14,23
11/13/05,28,25,16
11/14/05,17,14,21
11/15/05,20,15,14
11/16/05,28,5,29
11/17/05,27,22,12
11/18/05,25,8,30
11/19/05,21,9,15
11/20/05,5,22,10
11/21/05,15,15,22
11/22/05,24,16,14
11/23/05,4,29,24
11/24/05,19,29,24
11/25/05,3,20,24
11/26/05,10,2,4
11/27/05,21,3,27
11/28/05,26,11,12
11/29/05,1,4,9
11/30/05,17,5,30
12/01/05,11,27,24
12/02/05,10,25,22
12/03/05,10,2,25
12/04/05,30,19,19
12/05/05,22,2,7
12/06/05,16,17,18
12/07/05,28,23,27
12/08/05,22,19,11
12/09/05,24,24,6
12/10/05,11,28,20
12/11/05,2,13,21
12/12/05,24,15,15
12/13/05,23,2,13
12/14/05,6,28,6
12/15/05,8,8,3
12/16/05,17,17,5
12/17/05,18,26,4
12/18/05,11,6,25
12/19/05,24,23,5
12/20/05,15,7,18
12/21/05,24,29,21
12/22/05,1,30,22
12/23/05,20,21,28
12/24/05,7,23,24
12/25/05,7,9,20
12/26/05,14,12,18
12/27/05,25,14,2
12/28/05,22,27,10
12/29/05,21,9,7
12/30/05,3,20,2
12/31/05,6,17,30
01/01/06,21,10,30
01/02/06,13,21,29
01/03/06,7,1,2
01/04/06,3,11,20
01/05/06,19,5,22
01/06/06,12,1,22
01/07/06,13,23,19
01/08/06,18,26,23
01/09/06,19,30,8
01/10/06,7,2,29
01/11/06,24,25,13
01/12/06,9,16,20
01/13/06,15,1,14
01/14/06,6,14,13
01/15/06,8,21,9
01/16/06,13,17,28
01/17/06,3,15,9
01/18/06,18,21,4
01/19/06,28,13,1
01/20/06,30,23,26
01/21/06,20,1,14
01/22/06,11,5,20
01/23/06,6,7,13
01/24/06,18,29,12
01/25/06,15,9,12
01/26/06,25,12,8
01/27/06,1,9,28
01/28/06,9,29,18
01/29/06,14,6,15
01/30/06,25,25,23
01/31/06,9,27,12
02/01/06,9,13,16
02/02/06,12,18,2
02/03/06,10,24,8
02/04/06,30,8,14
02/05/06,18,14,6
02/06/06,6,3,30
02/07/06,22,29,24
02/08/06,30,3,6
02/09/06,11,24,14
02/10/06,22,11,18
02/11/06,23,25,11
02/12/06,1,30,10
02/13/06,28,1,15
02/14/06,29,7,24
02/15/06,25,9,15
02/16/06,12,21,10
02/17/06,18,15,27
02/18/06,25,7,7
02/19/06,18,22,11
02/20/06,8,8,30
02/21/06,1,14,9
02/22/06,9,3,14
02/23/06,29,22,15
02/24/06,11,5,8
02/25/06,28,18,18
02/26/06,6,22,4
02/27/06,22,3,27
02/28/06,18,10,11
03/01/06,4,14,6
03/02/06,5,4,3
03/03/06,27,6,2
03/04/06,7,20,14
03/05/06,5,1,14
03/06/06,2,20,19
03/07/06,18,27,12
03/08/06,15,17,19
03/09/06,22,4,26
03/10/06,2,20,28
03/11/06,16,25,3
03/12/06,23,17,24
03/13/06,2,5,15
03/14/06,14,12,11
03/15/06,3,25,10
03/16/06,20,29,3
03/17/06,27,13,3
03/18/06,14,22,24
03/19/06,27,27,23
03/20/06,13,18,26
03/21/06,7,21,19
03/22/06,16,10,28
03/23/06,2,24,25
03/24/06,17,26,1
03/25/06,24,9,1
03/26/06,28,10,12
03/27/06,25,17,23
03/28/06,18,8,18
03/29/06,26,2,4
03/30/06,12,13,10
03/31/06,27,19,27
04/01/06,25,17,4
04/02/06,2,11,26
04/03/06,16,27,10
04/04/06,21,21,25
04/05/06,26,12,15
04/06/06,27,11,28
04/07/06,3,11,15
04/08/06,21,18,30
04/09/06,9,28,12
04/10/06,24,30,23
04/11/06,10,28,14
04/12/06,15,18,8
04/13/06,24,16,15
04/14/06,17,23,23
04/15/06,3,7,1
04/16/06,17,24,18
04/17/06,5,27,15
04/18/06,23,14,24
04/19/06,8,16,19
04/20/06,4,12,27
04/21/06,30,26,26
04/22/06,24,7,12
04/23/06,25,19,7
04/24/06,18,29,5
04/25/06,20,24,6
04/26/06,2,18,15
04/27/06,20,28,6
04/28/06,22,27,20
04/29/06,20,9,29
04/30/06,18,6,28
05/01/06,7,19,24
05/02/06,11,12,16
05/03/06,16,25,3
05/04/06,6,16,16
05/05/06,12,2,25
05/06/06,30,4,10
05/07/06,14,22,15
05/08/06,20,17,7
05/09/06,11,13,28
05/10/06,24,2,13
05/11/06,27,23,10
05/12/06,1,13,21
05/13/06,26,21,7
05/14/06,6,5,11
05/15/06,15,15,2
05/16/06,20,17,30
05/17/06,2,28,21
05/18/06,19,27,8
05/19/06,6,11,5
05/20/06,30,14,14
05/21/06,2,5,8
05/22/06,13,15,17
05/23/06,22,26,4
05/24/06,1,9,11
05/25/06,23,3,8
05/26/06,17,27,2
05/27/06,19,28,24
05/28/06,10,23,7
05/29/06,24,24,6
05/30/06,10,10,27
05/31/06,7,12,28
06/01/06,10,11,21
06/02/06,14,21,6
06/03/06,29,14,17
06/04/06,1,4,1
06/05/06,24,7,7
06/06/06,21,17,28
06/07/06,13,28,6
06/08/06,5,7,13
06/09/06,7,2,13
06/10/06,7,7,25
06/11/06,1,5,13
06/12/06,2,20,17
06/13/06,13,29,20
06/14/06,8,22,17
06/15/06,16,24,23
06/16/06,22,29,30
06/17/06,6,3,11
06/18/06,26,12,14
06/19/06,3,9,23
06/20/06,28,22,8
06/21/06,12,25,27
06/22/06,28,25,6
06/23/06,21,19,30
06/24/06,28,15,10
06/25/06,9,2,30
06/26/06,8,1,13
06/27/06,4,23,14
06/28/06,8,1,16
06/29/06,27,7,28
06/30/06,23,2,19
07/01/06,16,28,16
07/02/06,22,21,11
07/03/06,30,15,23
07/04/06,3,14,8
07/05/06,22,28,22
07/06/06,4,8,5
07/07/06,26,19,29
07/08/06,11,17,30
07/09/06,15,16,18
07/10/06,3,5,15
07/11/06,14,18,11
07/12/06,23,9,8
07/13/06,5,18,16
07/14/06,26,12,2
07/15/06,5,1,2
07/16/06,22,23,5
07/17/06,3,2,16
07/18/06,30,3,3
07/19/06,4,23,20
07/20/06,18,19,12
07/21/06,30,2,4
07/22/06,8,26,15
07/23/06,27,12,15
07/24/06,16,26,17
07/25/06,5,22,20
07/26/06,26,24,29
07/27/06,16,13,14
07/28/06,11,19,9
07/29/06,26,7,18
07/30/06,20,25,28
07/31/06,6,16,29
08/01/06,12,16,29
08/02/06,15,30,17
08/03/06,10,6,18
08/04/06,8,7,13
08/05/06,9,27,3
08/06/06,29,13,8
08/07/06,12,2,5
08/08/06,30,1,6
08/09/06,29,12,29
08/10/06,20,15,22
08/11/06,23,6,7
08/12/06,22,28,11
08/13/06,3,7,13
08/14/06,8,16,19
08/15/06,15,25,8
08/16/06,9,30,27
08/17/06,21,8,23
08/18/06,12,13,7
08/19/06,12,4,28
08/20/06,1,29,16
08/21/06,13,30,25
08/22/06,13,1,28
08/23/06,15,15,15
08/24/06,24,8,1
08/25/06,22,25,18
08/26/06,6,30,29
08/27/06,2,8,23
08/28/06,24,30,4
08/29/06,7,18,14
08/30/06,8,11,8
08/31/06,23,14,29
09/01/06,9,13,27
09/02/06,17,23,10
09/03/06,16,6,11
09/04/06,1,7,12
09/05/06,9,11,20
09/06/06,25,2,13
09/07/06,29,27,8
09/08/06,15,26,7
09/09/06,16,13,14
09/10/06,19,13,28
09/11/06,14,2,14
09/12/06,21,9,17
09/13/06,29,10,15
09/14/06,7,13,23
09/15/06,7,4,6
09/16/06,4,14,21
09/17/06,19,29,8
09/18/06,15,26,29
09/19/06,9,25,14
09/20/06,27,5,18
09/21/06,27,1,28
09/22/06,13,26,3
09/23/06,24,6,20
09/24/06,8,15,6
09/25/06,16,12,12
09/26/06,5,3,12
09/27/06,16,8,5
09/28/06,13,4,16
09/29/06,16,6,28
09/30/06,15,29,6
10/01/06,18,10,23
10/02/06,11,27,30
10/03/06,4,11,13
10/04/06,25,29,25
10/05/06,20,23,7
10/06/06,10,5,15
10/07/06,30,23,16
10/08/06,16,12,7
10/09/06,12,22,18
10/10/06,21,24,17
10/11/06,4,5,1
10/12/06,8,23,28
10/13/06,2,18,24
10/14/06,9,21,8
10/15/06,19,1,29
10/16/06,21,5,16
10/17/06,13,13,22
10/18/06,15,5,17
10/19/06,8,2,11
10/20/06,10,9,9
10/21/06,23,7,12
10/22/06,22,15,25
10/23/06,2,14,19
10/24/06,8,30,17
10/25/06,5,1,25
10/26/06,18,2,8
10/27/06,10,11,17
10/28/06,10,13,16
10/29/06,8,17,20
10/30/06,25,16,26
10/31/06,22,12,11
11/01/06,21,16,15
11/02/06,21,29,6
11/03/06,8,7,4
11/04/06,30,7,20
11/05/06,6,8,25
11/06/06,30,3,24
11/07/06,29,23,3
11/08/06,10,11,6
11/09/06,13,11,25
11/10/06,26,9,17
11/11/06,12,8,24
11/12/06,13,14,11
11/13/06,9,19,27
11/14/06,7,19,4
11/15/06,27,27,1
11/16/06,11,28,29
11/17/06,6,20,11
11/18/06,29,2,27
11/19/06,9,18,28
11/20/06,22,8,13
11/21/06,4,25,16
11/22/06,13,26,19
11/23/06,13,15,13
11/24/06,11,11,2
11/25/06,15,20,25
11/26/06,25,25,18
11/27/06,10,10,28
11/28/06,25,12,20
11/29/06,8,15,12
11/30/06,10,29,25
12/01/06,6,20,21
12/02/06,1,11,14
12/03/06,17,27,25
12/04/06,19,21,3
12/05/06,15,17,29
12/06/06,9,28,11
12/07/06,16,28,29
12/08/06,5,6,12
12/09/06,10,11,22
12/10/06,14,6,14
12/11/06,2,22,9
12/12/06,29,11,10
12/13/06,6,29,19
12/14/06,29,1,13
12/15/06,27,23,8
12/16/06,10,20,22
12/17/06,23,26,12
12/18/06,16,25,19
12/19/06,26,22,28
12/20/06,11,8,1
12/21/06,25,3,30
12/22/06,12,20,4
12/23/06,15,9,24
12/24/06,22,12,20
12/25/06,6,15,22
12/26/06,7,25,1
12/27/06,17,5,19
12/28/06,1,17,15
12/29/06,11,28,23
12/30/06,18,29,15
12/31/06,28,13,8
01/01/07,25,4,9
01/02/07,10,14,26
01/03/07,22,14,8
01/04/07,15,4,27
01/05/07,5,28,14
01/06/07,2,19,7
01/07/07,11,14,30
01/08/07,24,14,11
01/09/07,30,1,5
01/10/07,20,16,2
01/11/07,17,30,8
01/12/07,2,15,14
01/13/07,4,6,5
01/14/07,23,13,10
01/15/07,22,1,19
01/16/07,24,12,3
01/17/07,7,24,29
01/18/07,8,14,11
01/19/07,10,17,1
01/20/07,5,21,9
01/21/07,25,12,18
01/22/07,13,20,11
01/23/07,20,22,9
01/24/07,3,2,15
01/25/07,19,10,26
01/26/07,5,13,5
01/27/07,29,7,3
01/28/07,26,20,15
01/29/07,17,17,7
01/30/07,5,19,7
01/31/07,23,20,20
02/01/07,2,27,14
02/02/07,15,6,10
02/03/07,29,15,12
02/04/07,7,17,26
02/05/07,30,16,21
02/06/07,23,22,2
02/07/07,22,7,6
02/08/07,12,2,26
02/09/07,11,30,9
02/10/07,6,1,8
02/11/07,8,14,12
02/12/07,14,25,28
02/13/07,22,23,6
02/14/07,15,22,21
02/15/07,10,24,15
02/16/07,3,29,2
02/17/07,3,10,16
02/18/07,30,29,28
02/19/07,6,19,4
02/20/07,11,10,14
02/21/07,7,25,11
02/22/07,9,28,12
02/23/07,1,7,16
02/24/07,25,19,29
02/25/07,3,17,20
02/26/07,22,28,8
02/27/07,4,17,15
02/28/07,24,5,25
03/01/07,20,4,10
03/02/07,22,26,24
03/03/07,7,14,26
03/04/07,5,3,4
03/05/07,18,17,16
03/06/07,21,15,19
03/07/07,18,1,11
03/08/07,29,7,23
03/09/07,26,6,30
03/10/07,12,5,15
03/11/07,12,16,4
03/12/07,11,21,23
03/13/07,3,14,8
03/14/07,14,18,4
03/15/07,27,5,14
03/16/07,14,4,3
03/17/07,2,7,26
03/18/07,16,5,6
03/19/07,11,23,11
03/20/07,11,14,26
03/21/07,27,23,27
03/22/07,30,11,10
03/23/07,23,7,19
03/24/07,25,11,28
03/25/07,28,16,22
03/26/07,9,11,16
03/27/07,24,30,16
03/28/07,12,6,20
03/29/07,10,25,2
03/30/07,6,23,18
03/31/07,8,26,25
04/01/07,22,21,23
04/02/07,20,29,4
04/03/07,9,10,2
04/04/07,18,5,12
04/05/07,12,11,26
04/06/07,9,25,7
04/07/07,3,10,24
04/08/07,15,1,25
04/09/07,4,28,6
04/10/07,27,27,3
04/11/07,18,25,10
04/12/07,16,23,5
04/13/07,3,17,5
04/14/07,9,30,20
04/15/07,4,11,30
04/16/07,9,19,15
04/17/07,29,21,20
04/18/07,15,12,2
04/19/07,9,23,19
04/20/07,9,2,14
04/21/07,11,5,16
04/22/07,5,10,22
04/23/07,8,1,4
04/24/07,9,21,20
04/25/07,28,4,1
04/26/07,10,17,18
04/27/07,13,3,6
04/28/07,1,16,5
04/29/07,21,24,19
04/30/07,11,5,17
05/01/07,28,25,20
05/02/07,22,30,17
05/03/07,16,2,6
05/04/07,12,13,1
05/05/07,9,15,19
05/06/07,15,17,25
05/07/07,27,3,22
05/08/07,5,21,14
05/09/07,21,8,3
05/10/07,10,16,15
05/11/07,24,22,6
05/12/07,13,24,24
05/13/07,6,13,9
05/14/07,2,28,16
05/15/07,12,7,15
05/16/07,18,12,24
05/17/07,4,11,30
05/18/07,16,22,1
05/19/07,29,17,8
05/20/07,29,11,8
05/21/07,1,8,25
05/22/07,15,28,17
05/23/07,15,8,12
05/24/07,28,3,22
05/25/07,24,26,3
05/26/07,20,7,2
05/27/07,11,5,23
05/28/07,5,7,30
05/29/07,28,16,30
05/30/07,27,2,10
05/31/07,29,3,30
06/01/07,18,7,8
06/02/07,14,3,4
06/03/07,21,19,11
06/04/07,1,12,8
06/05/07,18,21,2
06/06/07,4,19,19
06/07/07,7,15,15
06/08/07,8,6,2
06/09/07,2,26,18
06/10/07,16,9,12
06/11/07,8,9,22
06/12/07,28,10,28
06/13/07,25,9,17
06/14/07,14,12,4
06/15/07,20,21,2
06/16/07,9,21,25
06/17/07,26,27,14
06/18/07,12,30,29
06/19/07,15,2,23
06/20/07,27,14,1
06/21/07,19,18,21
06/22/07,7,4,20
06/23/07,19,9,16
06/24/07,19,10,9
06/25/07,19,7,18
06/26/07,21,14,10
06/27/07,11,14,13
06/28/07,20,29,7
06/29/07,22,20,6
06/30/07,24,15,19
07/01/07,24,5,12
07/02/07,30,12,20
07/03/07,29,26,29
07/04/07,12,14,23
07/05/07,22,18,6
07/06/07,2,14,26
07/07/07,19,11,23
07/08/07,1,19,21
07/09/07,29,20,17
07/10/07,13,6,29
07/11/07,22,13,13
07/12/07,15,17,1
07/13/07,27,4,27
07/14/07,29,30,25
07/15/07,26,23,29
07/16/07,23,29,20
07/17/07,3,5,26
07/18/07,16,6,6
07/19/07,3,6,7
07/20/07,16,12,22
07/21/07,13,21,30
07/22/07,4,15,1
07/23/07,3,23,20
07/24/07,27,16,27
07/25/07,9,8,22
07/26/07,16,30,26
07/27/07,12,7,28
07/28/07,1,29,5
07/29/07,4,15,18
07/30/07,2,15,1
07/31/07,3,8,4
08/01/07,20,8,28
08/02/07,5,23,30
08/03/07,18,24,25
08/04/07,3,1,11
08/05/07,23,21,21
08/06/07,24,4,16
08/07/07,26,24,14
08/08/07,12,29,4
08/09/07,18,17,17
08/10/07,21,30,17
08/11/07,16,13,28
08/12/07,1,2,4
08/13/07,20,15,15
08/14/07,10,7,30
08/15/07,25,22,18
08/16/07,19,11,23
08/17/07,12,8,10
08/18/07,12,8,14
08/19/07,15,26,8
08/20/07,17,23,4
08/21/07,25,15,8
08/22/07,1,28,14
08/23/07,10,22,6
08/24/07,13,1,1
08/25/07,23,15,9
08/26/07,6,20,15
08/27/07,26,9,8
08/28/07,23,8,12
08/29/07,3,9,14
08/30/07,11,1,6
08/31/07,13,1,30
09/01/07,21,12,21
09/02/07,19,2,9
09/03/07,11,28,22
09/04/07,25,7,10
09/05/07,24,1,13
09/06/07,1,5,1
09/07/07,8,9,2
09/08/07,27,18,5
09/09/07,17,3,6
09/10/07,19,18,16
09/11/07,12,22,24
09/12/07,13,2,24
09/13/07,26,5,1
09/14/07,15,16,15
09/15/07,25,2,23
09/16/07,17,9,12
09/17/07,28,1,13
09/18/07,5,25,1
09/19/07,27,27,1
09/20/07,8,2,2
09/21/07,24,6,11
09/22/07,25,8,23
09/23/07,29,16,15
09/24/07,8,25,14
09/25/07,10,26,16
09/26/07,10,14,11
09/27/07,19,12,16
09/28/07,20,4,17
09/29/07,25,3,23
09/30/07,24,26,5
10/01/07,24,29,9
10/02/07,8,22,9
10/03/07,18,5,21
10/04/07,13,23,26
10/05/07,22,24,25
10/06/07,30,13,16
10/07/07,12,13,10
10/08/07,11,20,24
10/09/07,26,11,28
10/10/07,8,5,24
10/11/07,21,20,17
10/12/07,22,5,15
10/13/07,19,3,26
10/14/07,18,30,5
10/15/07,28,21,14
10/16/07,22,1,3
10/17/07,16,8,27
10/18/07,7,5,19
10/19/07,24,4,11
10/20/07,1,9,11
10/21/07,25,27,29
10/22/07,1,13,16
10/23/07,12,20,5
10/24/07,28,28,12
10/25/07,15,8,21
10/26/07,27,30,9
10/27/07,14,28,16
10/28/07,12,11,9
10/29/07,10,16,12
10/30/07,23,30,1
10/31/07,13,14,14
11/01/07,4,7,8
11/02/07,4,11,14
11/03/07,26,17,29
11/04/07,5,15,26
11/05/07,5,14,12
11/06/07,9,2,13
11/07/07,29,22,8
11/08/07,9,10,22
11/09/07,3,15,1
11/10/07,29,21,22
11/11/07,15,24,23
11/12/07,17,21,27
11/13/07,3,16,11
11/14/07,21,26,2
11/15/07,6,17,13
11/16/07,21,6,28
11/17/07,21,10,17
11/18/07,15,6,12
11/19/07,12,24,2
11/20/07,23,5,8
11/21/07,27,10,7
11/22/07,25,4,3
11/23/07,4,21,22
11/24/07,3,23,4
11/25/07,10,1,22
11/26/07,16,15,8
11/27/07,18,26,3
11/28/07,22,5,29
11/29/07,25,29,5
11/30/07,19,25,6
12/01/07,15,24,6
12/02/07,20,14,8
12/03/07,25,2,11
12/04/07,1,17,16
12/05/07,5,25,27
12/06/07,29,19,3
12/07/07,30,9,9
12/08/07,13,16,25
12/09/07,29,16,2
12/10/07,14,14,10
12/11/07,23,30,15
12/12/07,29,12,9
12/13/07,1,26,29
12/14/07,6,12,23
12/15/07,26,1,5
12/16/07,17,19,16
12/17/07,16,29,7
12/18/07,29,16,6
12/19/07,14,26,24
12/20/07,8,2,15
12/21/07,14,12,5
12/22/07,26,17,8
12/23/07,13,28,11
12/24/07,9,11,18
12/25/07,7,30,4
12/26/07,7,15,13
12/27/07,28,23,20
12/28/07,6,28,20
12/29/07,7,6,5
12/30/07,7,15,25
12/31/07,16,19,30
01/01/08,15,2,5
01/02/08,6,3,14
01/03/08,4,25,22
01/04/08,3,10,25
01/05/08,15,30,19
01/06/08,18,1,23
01/07/08,10,2,6
01/08/08,29,14,2
01/09/08,11,26,23
01/10/08,3,21,3
01/11/08,1,13,14
01/12/08,13,24,21
01/13/08,11,13,10
01/14/08,7,17,5
01/15/08,4,5,12
01/16/08,23,20,2
01/17/08,14,2,3
01/18/08,13,12,1
01/19/08,7,16,5
01/20/08,5,15,21
01/21/08,24,28,29
01/22/08,16,5,5
01/23/08,29,29,15
01/24/08,8,26,7
01/25/08,8,22,17
01/26/08,19,7,14
01/27/08,27,30,25
01/28/08,30,19,28
01/29/08,11,16,6
01/30/08,13,18,19
01/31/08,9,22,3
02/01/08,28,26,2
02/02/08,7,28,16
02/03/08,4,28,27
02/04/08,11,28,19
02/05/08,5,6,8
02/06/08,10,9,30
02/07/08,5,24,19
02/08/08,8,25,5
02/09/08,2,20,4
02/10/08,21,20,27
02/11/08,1,6,26
02/12/08,26,2,5
02/13/08,28,29,19
02/14/08,24,21,1
02/15/08,8,3,2
02/16/08,1,17,20
02/17/08,18,20,3
02/18/08,25,15,28
02/19/08,21,8,5
02/20/08,28,19,24
02/21/08,21,15,21
02/22/08,20,9,25
02/23/08,15,11,11
02/24/08,21,18,24
02/25/08,19,6,28
02/26/08,15,16,14
02/27/08,13,2,1
02/28/08,14,12,27
02/29/08,27,4,6
03/01/08,11,5,19
03/02/08,27,10,10
03/03/08,30,3,13
03/04/08,5,2,8
03/05/08,28,12,16
03/06/08,9,23,2
03/07/08,2,12,26
03/08/08,20,27,2
03/09/08,24,1,25
03/10/08,23,9,13
03/11/08,12,21,2
03/12/08,13,27,18
03/13/08,8,8,6
03/14/08,15,1,17
03/15/08,25,18,2
03/16/08,2,3,24
03/17/08,30,25,24
03/18/08,19,10,13
03/19/08,25,20,27
03/20/08,26,3,8
03/21/08,30,22,18
03/22/08,10,6,30
03/23/08,28,11,12
03/24/08,4,15,10
03/25/08,16,25,4
03/26/08,24,12,21
03/27/08,17,29,17
03/28/08,27,2,4
03/29/08,17,15,19
03/30/08,14,8,17
03/31/08,30,23,1
04/01/08,2,20,15
04/02/08,8,27,1
04/03/08,17,9,3
04/04/08,24,25,2
04/05/08,1,12,3
04/06/08,16,21,24
04/07/08,9,10,11
04/08/08,9,9,10
04/09/08,13,26,19
04/10/08,15,29,14
04/11/08,8,7,25
04/12/08,13,13,29
04/13/08,14,14,13
04/14/08,5,5,4
04/15/08,13,16,1
04/16/08,7,12,13
04/17/08,11,25,14
04/18/08,4,27,13
04/19/08,4,17,12
04/20/08,8,5,5
04/21/08,8,4,21
04/22/08,23,4,12
04/23/08,24,3,11
04/24/08,30,6,1
04/25/08,9,19,10
04/26/08,23,16,24
04/27/08,7,16,29
04/28/08,7,16,21
04/29/08,16,22,23
04/30/08,19,2,7
05/01/08,26,24,19
05/02/08,21,13,20
05/03/08,13,22,3
05/04/08,11,16,26
05/05/08,7,24,20
05/06/08,7,11,17
05/07/08,16,28,7
05/08/08,3,28,24
05/09/08,20,27,12
05/10/08,27,30,3
05/11/08,13,12,16
05/12/08,1,12,18
05/13/08,21,8,4
05/14/08,26,29,24
05/15/08,10,13,17
05/16/08,7,30,4
05/17/08,5,20,9
05/18/08,5,22,21
05/19/08,24,5,23
05/20/08,4,8,19
05/21/08,21,11,29
05/22/08,15,4,19
05/23/08,14,16,6
05/24/08,25,6,14
05/25/08,30,1,11
05/26/08,12,19,9
05/27/08,26,4,22
05/28/08,7,7,17
05/29/08,17,3,1
05/30/08,4,17,14
05/31/08,24,4,25
06/01/08,13,5,20
06/02/08,8,2,27
06/03/08,3,18,2
06/04/08,11,7,11
06/05/08,28,30,27
06/06/08,30,10,17
06/07/08,27,28,10
06/08/08,18,23,18
06/09/08,25,24,4
06/10/08,30,7,2
06/11/08,23,10,24
06/12/08,12,29,12
06/13/08,7,17,22
06/14/08,12,25,1
06/15/08,11,30,6
06/16/08,22,14,13
06/17/08,29,12,6
06/18/08,23,17,22
06/19/08,16,6,26
06/20/08,14,23,5
06/21/08,9,4,13
06/22/08,24,10,29
06/23/08,28,19,17
06/24/08,21,8,29
06/25/08,19,10,5
06/26/08,22,22,6
06/27/08,21,28,26
06/28/08,12,3,27
06/29/08,13,3,14
06/30/08,11,24,22
07/01/08,25,6,10
07/02/08,29,11,8
07/03/08,3,3,9
07/04/08,10,24,18
07/05/08,17,27,4
07/06/08,11,7,22
07/07/08,13,6,6
07/08/08,6,24,15
07/09/08,26,30,24
07/10/08,1,13,16
07/11/08,24,22,23
07/12/08,20,19,21
07/13/08,30,6,5
07/14/08,21,15,10
07/15/08,19,7,29
07/16/08,13,4,19
07/17/08,5,19,20
07/18/08,21,18,30
07/19/08,5,28,21
07/20/08,24,16,16
07/21/08,20,17,19
07/22/08,14,26,28
07/23/08,10,20,19
07/24/08,30,16,1
07/25/08,15,5,18
07/26/08,18,20,3
07/27/08,7,6,20
07/28/08,19,7,13
07/29/08,28,27,7
07/30/08,20,5,6
07/31/08,25,7,30
08/01/08,25,1,4
08/02/08,6,20,16
08/03/08,14,20,29
08/04/08,17,24,30
08/05/08,3,22,7
08/06/08,11,23,13
08/07/08,9,22,9
08/08/08,13,24,25
08/09/08,2,11,18
08/10/08,9,9,12
08/11/08,11,28,25
08/12/08,23,9,13
08/13/08,8,5,9
08/14/08,15,20,21
08/15/08,10,8,19
08/16/08,11,12,14
08/17/08,11,29,8
08/18/08,24,5,4
08/19/08,30,26,23
08/20/08,28,17,9
08/21/08,18,7,7
08/22/08,6,5,29
08/23/08,24,28,14
08/24/08,6,24,25
08/25/08,19,15,28
08/26/08,29,4,16
08/27/08,12,5,27
08/28/08,24,15,6
08/29/08,6,17,18
08/30/08,4,9,10
08/31/08,8,30,18
09/01/08,30,25,20
09/02/08,5,11,14
09/03/08,19,21,14
09/04/08,29,3,24
09/05/08,4,27,4
09/06/08,16,29,16
09/07/08,1,28,6
09/08/08,6,12,6
09/09/08,13,8,29
09/10/08,15,3,11
09/11/08,29,30,14
09/12/08,27,13,19
09/13/08,3,18,3
09/14/08,20,24,30
09/15/08,15,21,13
09/16/08,24,1,3
09/17/08,6,6,22
09/18/08,12,19,16
09/19/08,16,26,25
09/20/08,13,28,18
09/21/08,7,25,29
09/22/08,10,5,17
09/23/08,30,29,11
09/24/08,23,21,7
09/25/08,28,18,29
09/26/08,22,10,19
09/27/08,19,6,27
09/28/08,26,1,27
09/29/08,29,18,4
09/30/08,20,29,5
10/01/08,24,21,9
10/02/08,10,9,20
10/03/08,4,6,8
10/04/08,9,18,10
10/05/08,26,21,21
10/06/08,27,19,21
10/07/08,10,10,10
10/08/08,10,12,15
10/09/08,20,6,5
10/10/08,4,14,25
10/11/08,1,27,26
10/12/08,21,17,17
10/13/08,19,29,17
10/14/08,5,20,7
10/15/08,20,25,8
10/16/08,24,17,26
10/17/08,15,14,11
10/18/08,8,7,19
10/19/08,21,6,2
10/20/08,21,13,6
10/21/08,19,30,24
10/22/08,20,20,9
10/23/08,14,24,19
10/24/08,2,13,23
10/25/08,6,23,28
10/26/08,16,2,15
10/27/08,10,24,25
10/28/08,2,27,24
10/29/08,9,26,18
10/30/08,21,23,10
10/31/08,16,27,22
11/01/08,30,26,15
11/02/08,24,6,21
11/03/08,13,24,6
11/04/08,2,23,18
11/05/08,2,26,1
11/06/08,23,13,11
11/07/08,11,6,17
11/08/08,20,19,26
11/09/08,22,20,23
11/10/08,1,15,30
11/11/08,30,25,6
11/12/08,25,29,13
11/13/08,11,24,7
11/14/08,20,20,6
11/15/08,14,10,14
11/16/08,10,3,16
11/17/08,12,30,5
11/18/08,15,22,23
11/19/08,11,7,29
11/20/08,4,22,30
11/21/08,28,27,11
11/22/08,5,16,23
11/23/08,26,18,19
11/24/08,29,3,6
11/25/08,28,26,29
11/26/08,1,30,2
11/27/08,27,1,8
11/28/08,24,25,27
11/29/08,24,5,28
11/30/08,16,3,29
12/01/08,25,11,29
12/02/08,5,15,21
12/03/08,7,10,4
12/04/08,11,17,23
12/05/08,23,17,17
12/06/08,13,21,27
12/07/08,10,22,18
12/08/08,7,18,20
12/09/08,13,22,1
12/10/08,24,2,12
12/11/08,17,28,24
12/12/08,13,5,6
12/13/08,17,7,12
12/14/08,15,1,7
12/15/08,10,27,18
12/16/08,19,7,18
12/17/08,15,2,14
12/18/08,22,30,22
12/19/08,29,19,10
12/20/08,26,30,16
12/21/08,13,20,4
12/22/08,8,16,21
12/23/08,11,30,16
12/24/08,9,20,12
12/25/08,8,25,19
12/26/08,25,2,12
12/27/08,12,4,25
12/28/08,13,17,14
12/29/08,20,13,2
12/30/08,2,17,16
12/31/08,21,30,9
01/01/09,9,25,9
01/02/09,21,24,5
01/03/09,10,6,8
01/04/09,13,26,2
01/05/09,7,11,9
01/06/09,13,2,29
01/07/09,1,7,28
01/08/09,2,20,8
01/09/09,16,8,15
01/10/09,2,24,28
01/11/09,28,13,4
01/12/09,20,14,23
01/13/09,9,24,15
01/14/09,1,25,22
01/15/09,16,4,1
01/16/09,28,4,3
01/17/09,4,9,12
01/18/09,14,28,14
01/19/09,10,25,22
01/20/09,27,17,28
01/21/09,3,30,4
01/22/09,6,27,19
01/23/09,16,12,9
01/24/09,26,27,21
01/25/09,13,10,29
01/26/09,13,29,18
01/27/09,17,10,16
01/28/09,10,14,20
01/29/09,6,11,20
01/30/09,10,1,17
01/31/09,15,27,17
02/01/09,18,23,15
02/02/09,14,4,23
02/03/09,18,5,26
02/04/09,17,28,28
02/05/09,8,8,23
02/06/09,16,30,13
02/07/09,30,12,19
02/08/09,20,12,24
02/09/09,9,23,24
02/10/09,5,24,7
02/11/09,26,23,23
02/12/09,11,5,23
02/13/09,1,16,19
02/14/09,1,1,20
02/15/09,18,15,22
02/16/09,29,27,24
02/17/09,4,17,18
02/18/09,7,16,6
02/19/09,2,27,7
02/20/09,22,26,7
02/21/09,28,13,27
02/22/09,30,7,21
02/23/09,5,16,1
02/24/09,12,5,27
02/25/09,28,28,11
02/26/09,10,12,27
02/27/09,8,8,1
02/28/09,25,30,4
03/01/09,22,15,8
03/02/09,19,16,23
03/03/09,16,1,27
03/04/09,12,13,22
03/05/09,29,27,23
03/06/09,25,1,7
03/07/09,12,23,3
03/08/09,4,27,11
03/09/09,6,1,23
03/10/09,15,27,16
03/11/09,28,29,6
03/12/09,3,15,23
03/13/09,30,24,30
03/14/09,9,3,21
03/15/09,16,28,6
03/16/09,25,7,21
03/17/09,25,5,5
03/18/09,21,26,26
03/19/09,4,26,14
03/20/09,29,6,16
03/21/09,11,30,17
03/22/09,18,27,25
03/23/09,24,3,5
03/24/09,16,1,14
03/25/09,8,29,18
03/26/09,8,23,12
03/27/09,29,17,30
03/28/09,7,24,29
03/29/09,21,29,10
03/30/09,7,2,26
03/31/09,1,23,30
04/01/09,27,12,22
04/02/09,2,28,28
04/03/09,25,14,14
04/04/09,21,30,25
04/05/09,19,15,22
04/06/09,14,5,5
04/07/09,3,5,2
04/08/09,5,30,25
04/09/09,17,7,28
04/10/09,11,10,23
04/11/09,2,22,4
04/12/09,16,19,26
04/13/09,17,28,12
04/14/09,3,5,19
04/15/09,28,30,23
04/16/09,19,26,6
04/17/09,5,22,23
04/18/09,13,24,28
04/19/09,2,5,18
04/20/09,20,27,28
04/21/09,20,9,20
04/22/09,1,24,20
04/23/09,10,13,27
04/24/09,23,4,8
04/25/09,19,30,7
04/26/09,23,7,3
04/27/09,11,24,3
04/28/09,29,8,8
04/29/09,18,30,24
04/30/09,28,18,1
05/01/09,3,25,9
05/02/09,28,15,22
05/03/09,14,8,2
05/04/09,10,25,6
05/05/09,5,17,17
05/06/09,17,17,11
05/07/09,30,13,13
05/08/09,7,27,24
05/09/09,3,17,25
05/10/09,19,5,8
05/11/09,18,17,2
05/12/09,12,25,24
05/13/09,7,13,9
05/14/09,5,6,7
05/15/09,7,8,25
05/16/09,6,20,15
05/17/09,1,26,20
05/18/09,28,9,9
05/19/09,7,17,18
05/20/09,6,21,22
05/21/09,12,7,5
05/22/09,22,27,5
05/23/09,7,12,8
05/24/09,11,9,28
05/25/09,4,17,27
05/26/09,11,3,9
05/27/09,9,23,20
05/28/09,29,6,26
05/29/09,21,26,20
05/30/09,19,3,14
05/31/09,18,28,21
06/01/09,25,29,11
06/02/09,24,12,6
06/03/09,23,8,14
06/04/09,24,3,21
06/05/09,18,5,28
06/06/09,30,30,29
06/07/09,17,5,7
06/08/09,12,30,3
06/09/09,7,24,27
06/10/09,9,10,9
06/11/09,21,6,3
06/12/09,25,13,14
06/13/09,2,24,22
06/14/09,4,12,8
06/15/09,9,21,15
06/16/09,20,1,16
06/17/09,19,19,4
06/18/09,5,8,26
06/19/09,19,4,19
06/20/09,6,23,27
06/21/09,5,10,2
06/22/09,25,5,14
06/23/09,14,4,27
06/24/09,3,13,25
06/25/09,1,10,17
06/26/09,14,2,5
06/27/09,10,17,12
06/28/09,27,25,22
06/29/09,9,16,20
06/30/09,15,27,20
07/01/09,10,1,3
07/02/09,28,27,27
07/03/09,25,18,30
07/04/09,23,30,17
07/05/09,20,26,16
07/06/09,8,13,26
07/07/09,12,22,1
07/08/09,4,17,27
07/09/09,4,5,5
07/10/09,29,5,12
07/11/09,26,13,10
07/12/09,6,17,11
07/13/09,26,19,20
07/14/09,9,10,18
07/15/09,13,19,24
07/16/09,8,30,9
07/17/09,11,27,2
07/18/09,30,5,8
07/19/09,1,30,14
07/20/09,17,28,1
07/21/09,7,10,14
07/22/09,2,24,21
07/23/09,10,6,30
07/24/09,10,29,24
07/25/09,24,20,29
07/26/09,27,16,29
07/27/09,11,15,15
07/28/09,26,6,23
07/29/09,18,30,28
07/30/09,6,14,4
07/31/09,9,1,3
08/01/09,12,30,9
08/02/09,26,11,27
08/03/09,17,30,12
08/04/09,26,17,10
08/05/09,18,4,24
08/06/09,6,2,29
08/07/09,27,28,5
08/08/09,8,5,29
08/09/09,14,21,24
08/10/09,11,5,25
08/11/09,2,11,4
08/12/09,10,30,26
08/13/09,7,22,28
08/14/09,17,19,6
08/15/09,6,26,9
08/16/09,22,23,13
08/17/09,5,30,7
08/18/09,8,8,3
08/19/09,25,17,4
08/20/09,10,26,17
08/21/09,24,22,26
08/22/09,9,30,30
08/23/09,20,25,22
08/24/09,29,11,19
08/25/09,2,10,28
08/26/09,4,21,16
08/27/09,2,14,17
08/28/09,1,27,9
08/29/09,6,21,6
08/30/09,6,29,19
08/31/09,27,24,8
09/01/09,3,18,8
09/02/09,18,16,11
09/03/09,11,13,5
09/04/09,7,28,3
09/05/09,6,6,21
09/06/09,1,1,30
09/07/09,15,1,26
09/08/09,28,20,14
09/09/09,25,14,8
09/10/09,25,12,16
09/11/09,18,25,20
09/12/09,21,25,1
09/13/09,21,11,7
09/14/09,26,4,28
09/15/09,10,7,24
09/16/09,11,25,13
09/17/09,30,6,23
09/18/09,21,17,16
09/19/09,18,22,8
09/20/09,1,8,11
09/21/09,16,27,22
09/22/09,27,25,22
09/23/09,17,20,17
09/24/09,25,2,28
09/25/09,15,7,27
09/26/09,8,19,1
09/27/09,28,8,23
09/28/09,11,12,13
09/29/09,27,2,4
09/30/09,23,16,5
10/01/09,9,17,18
10/02/09,21,18,11
10/03/09,6,4,13
10/04/09,6,28,4
10/05/09,23,30,8
10/06/09,6,27,9
10/07/09,10,20,11
10/08/09,11,29,28
10/09/09,14,7,1
10/10/09,10,22,27
10/11/09,22,19,23
10/12/09,6,26,12
10/13/09,28,27,1
10/14/09,3,16,17
10/15/09,1,2,29
10/16/09,17,29,28
10/17/09,13,5,10
10/18/09,27,6,11
10/19/09,30,16,3
10/20/09,29,18,24
10/21/09,22,29,21
10/22/09,9,18,16
10/23/09,3,1,24
10/24/09,8,30,14
10/25/09,4,24,9
10/26/09,9,30,27
10/27/09,17,26,6
10/28/09,23,19,12
10/29/09,29,19,18
10/30/09,22,6,24
10/31/09,27,28,16
11/01/09,9,8,14
11/02/09,2,1,25
11/03/09,8,3,24
11/04/09,2,27,27
11/05/09,24,21,23
11/06/09,4,1,9
11/07/09,20,19,29
11/08/09,28,23,11
11/09/09,25,5,20
11/10/09,4,18,2
11/11/09,17,4,12
11/12/09,7,15,17
11/13/09,18,25,9
11/14/09,19,29,16
11/15/09,28,16,13
11/16/09,14,8,3
11/17/09,25,18,16
11/18/09,24,23,27
11/19/09,3,3,4
11/20/09,12,25,25
11/21/09,30,28,10
11/22/09,2,25,23
11/23/09,25,26,23
11/24/09,13,25,9
11/25/09,3,27,10
11/26/09,8,15,11
11/27/09,24,1,21
11/28/09,2,18,1
11/29/09,19,15,1
11/30/09,5,13,5
12/01/09,17,17,24
12/02/09,5,11,2
12/03/09,10,20,6
12/04/09,25,12,25
12/05/09,25,26,27
12/06/09,10,6,22
12/07/09,20,9,4
12/08/09,26,6,24
12/09/09,5,8,7
12/10/09,19,8,10
12/11/09,21,25,26
12/12/09,24,30,17
12/13/09,5,25,13
12/14/09,13,29,27
12/15/09,6,9,2
12/16/09,24,18,7
12/17/09,3,28,18
12/18/09,15,25,15
12/19/09,16,29,14
12/20/09,4,18,15
12/21/09,5,6,4
12/22/09,3,1,8
12/23/09,19,17,20
12/24/09,6,14,7
12/25/09,26,26,7
12/26/09,12,1,9
12/27/09,11,8,22
12/28/09,18,25,30
12/29/09,30,11,24
12/30/09,24,22,26
12/31/09,29,20,28
01/01/10,13,15,5
01/02/10,28,11,23
01/03/10,7,12,1
01/04/10,7,15,2
01/05/10,5,18,23
01/06/10,20,8,4
01/07/10,8,2,21
01/08/10,18,17,9
01/09/10,24,14,8
01/10/10,1,15,16
01/11/10,24,15,8
01/12/10,15,12,12
01/13/10,1,11,16
01/14/10,20,17,11
01/15/10,13,7,3
01/16/10,13,28,7
01/17/10,1,8,2
01/18/10,14,7,12
01/19/10,4,11,27
01/20/10,2,24,16
01/21/10,22,3,21
01/22/10,20,6,7
01/23/10,13,20,21
01/24/10,9,11,1
01/25/10,29,6,19
01/26/10,19,5,2
01/27/10,28,9,16
01/28/10,4,4,4
01/29/10,7,22,7
01/30/10,13,30,12
01/31/10,10,15,12
02/01/10,8,19,25
02/02/10,25,24,1
02/03/10,13,29,3
02/04/10,9,25,1
02/05/10,9,21,17
02/06/10,22,8,13
02/07/10,2,6,21
02/08/10,9,22,15
02/09/10,28,14,27
02/10/10,27,20,26
02/11/10,28,19,6
02/12/10,25,11,7
02/13/10,22,9,21
02/14/10,7,4,19
02/15/10,30,23,25
02/16/10,4,10,14
02/17/10,16,24,15
02/18/10,22,18,2
02/19/10,20,4,14
02/20/10,15,17,13
02/21/10,27,7,13
02/22/10,28,18,24
02/23/10,8,2,27
02/24/10,4,30,3
02/25/10,29,30,20
02/26/10,17,25,17
02/27/10,30,14,27
02/28/10,10,19,20
03/01/10,7,2,2
03/02/10,16,7,25
03/03/10,16,18,23
03/04/10,23,26,3
03/05/10,26,11,19
03/06/10,19,1,8
03/07/10,19,17,30
03/08/10,6,25,12
03/09/10,12,12,6
03/10/10,17,5,12
03/11/10,26,20,17
03/12/10,2,23,16
03/13/10,29,25,12
03/14/10,5,7,10
03/15/10,18,17,18
03/16/10,27,5,27
03/17/10,16,25,8
03/18/10,19,9,5
03/19/10,22,25,7
03/20/10,13,7,24
03/21/10,9,30,29
03/22/10,6,19,30
03/23/10,23,18,11
03/24/10,27,4,6
03/25/10,14,15,14
03/26/10,1,20,21
03/27/10,7,2,15
03/28/10,12,13,2
03/29/10,7,23,30
03/30/10,23,23,24
03/31/10,25,9,7
04/01/10,5,3,2
04/02/10,2,3,1
04/03/10,4,4,19
04/04/10,2,2,10
04/05/10,3,28,22
04/06/10,26,24,26
04/07/10,16,30,1
04/08/10,28,14,17
04/09/10,18,18,23
04/10/10,18,11,17
04/11/10,30,20,23
04/12/10,16,25,29
04/13/10,11,17,13
04/14/10,3,22,2
04/15/10,12,19,11
04/16/10,29,8,8
04/17/10,28,29,23
04/18/10,10,7,23
04/19/10,23,5,25
04/20/10,9,22,26
04/21/10,1,9,25
04/22/10,30,20,14
04/23/10,11,14,30
04/24/10,18,21,9
04/25/10,30,16,11
04/26/10,5,16,4
04/27/10,20,14,3
04/28/10,14,24,14
04/29/10,11,1,4
04/30/10,7,9,23
05/01/10,19,2,5
05/02/10,24,12,25
05/03/10,19,5,15
05/04/10,14,6,18
05/05/10,3,17,8
05/06/10,18,2,15
05/07/10,23,16,22
05/08/10,18,27,2
05/09/10,18,25,23
05/10/10,16,5,17
05/11/10,7,25,7
05/12/10,6,28,4
05/13/10,27,17,20
05/14/10,7,20,4
05/15/10,8,1,9
05/16/10,30,22,19
05/17/10,20,8,10
05/18/10,13,17,26
05/19/10,14,1,15
05/20/10,24,25,5
05/21/10,15,6,27
05/22/10,25,14,18
05/23/10,4,27,18
05/24/10,12,24,13
05/25/10,7,25,18
05/26/10,5,5,25
05/27/10,9,21,27
05/28/10,15,20,26
05/29/10,6,17,15
05/30/10,2,3,22
05/31/10,10,23,11
06/01/10,20,4,17
06/02/10,9,13,23
06/03/10,9,27,10
06/04/10,3,2,17
06/05/10,6,4,22
06/06/10,9,30,14
06/07/10,9,19,1
06/08/10,4,5,21
06/09/10,6,3,16
06/10/10,23,4,7
06/11/10,7,5,1
06/12/10,18,7,13
06/13/10,4,17,9
06/14/10,9,28,17
06/15/10,28,25,18
06/16/10,5,17,7
06/17/10,25,19,3
06/18/10,21,25,15
06/19/10,7,29,4
06/20/10,23,26,9
06/21/10,5,16,18
06/22/10,6,14,3
06/23/10,3,28,16
06/24/10,18,12,27
06/25/10,4,30,20
06/26/10,22,24,7
06/27/10,28,26,1
06/28/10,29,1,13
06/29/10,8,28,30
06/30/10,22,23,4
07/01/10,18,8,12
07/02/10,22,8,4
07/03/10,21,11,3
07/04/10,20,19,15
07/05/10,3,19,7
07/06/10,29,19,14
07/07/10,13,8,11
07/08/10,23,16,23
07/09/10,27,12,6
07/10/10,29,9,20
07/11/10,3,8,17
07/12/10,18,10,2
07/13/10,22,5,23
07/14/10,14,5,28
07/15/10,12,30,22
07/16/10,9,20,25
07/17/10,20,25,30
07/18/10,10,16,20
07/19/10,12,11,7
07/20/10,22,21,16
07/21/10,2,4,21
07/22/10,24,17,30
07/23/10,4,23,28
07/24/10,6,1,13
07/25/10,30,19,9
07/26/10,1,24,9
07/27/10,23,11,25
07/28/10,10,4,10
07/29/10,4,18,18
07/30/10,1,15,13
07/31/10,15,29,19
08/01/10,21,30,25
08/02/10,14,21,17
08/03/10,8,23,9
08/04/10,12,18,30
08/05/10,23,5,28
08/06/10,16,13,4
08/07/10,7,30,25
08/08/10,28,24,11
08/09/10,5,2,27
08/10/10,24,7,23
08/11/10,3,28,9
08/12/10,4,15,14
08/13/10,20,13,21
08/14/10,23,9,27
08/15/10,3,9,7
08/16/10,12,1,6
08/17/10,23,4,8
08/18/10,21,12,14
08/19/10,15,3,9
08/20/10,16,27,23
08/21/10,15,8,12
08/22/10,3,5,9
08/23/10,25,18,19
08/24/10,19,23,4
08/25/10,16,17,11
08/26/10,5,14,9
08/27/10,21,22,22
08/28/10,25,4,1
